"data...c..Alternative...";"m_positive_q";"m_negative_q";"m_net_flow"
"1";"Alpha ";0.444445129236111;0.335724034625;0.108721094611111
"2";"Beta";0.319251713486111;0.399012201291667;-0.0797604878055555
"3";"Delta";0.279647732875;0.394001350736111;-0.114353617861111
"4";"Gamma";0.386362905138889;0.300969894083333;0.0853930110555555
