"data...c..Alternative...";"m_positive_q";"m_negative_q";"m_net_flow"
"1";"Alpha ";0.441482197509259;0.347040856961111;0.0944413405481481
"2";"Beta";0.326564708853704;0.384581178894444;-0.0580164700407407
"3";"Delta";0.275390978927778;0.400562069042593;-0.125171090114815
"4";"Gamma";0.385017980196296;0.296271760588889;0.0887462196074074
