"data...c..Alternative...";"m_positive_q";"m_negative_q";"m_net_flow"
"1";"Alpha ";0.444445136444444;0.337110943866667;0.107334192577778
"2";"Beta";0.320481513511111;0.396194785866667;-0.0757132723555555
"3";"Delta";0.278494893466667;0.395403734311111;-0.116908840844444
"4";"Gamma";0.385715868222222;0.3004279476;0.0852879206222222
