"data...c..Alternative...";"m_positive_q";"m_negative_q";"m_net_flow"
"1";"Alpha ";0.444445165277778;0.342658580833333;0.101786584444444
"2";"Beta";0.325400713611111;0.384925124166667;-0.0595244105555555
"3";"Delta";0.273883535833333;0.401013268611111;-0.127129732777778
"4";"Gamma";0.383127720555555;0.298260161666667;0.0848675588888889
