"data...c..Alternative...";"m_positive_q";"m_negative_q";"m_net_flow"
"1";"Alpha ";0.432593294203704;0.360187685344445;0.0724056088592592
"2";"Beta";0.330056694581482;0.383549343077778;-0.0534926484962963
"3";"Delta";0.279913308211111;0.399208470337037;-0.119295162125926
"4";"Gamma";0.390688759118518;0.290306557355556;0.100382201762963
