"data...c..Alternative...";"m_positive_q";"m_negative_q";"m_net_flow"
"1";"Alpha ";0.440000807333333;0.335618904266667;0.104381903066667
"2";"Beta";0.3323847408;0.369528139066667;-0.0371433982666666
"3";"Delta";0.269594861066667;0.398306151066667;-0.12871129
"4";"Gamma";0.367802613866667;0.306329828666667;0.0614727851999999
