"data...c..Alternative...";"m_positive_q";"m_negative_q";"m_net_flow"
"1";"Alpha ";0.472222907013889;0.325525651791667;0.146697255222222
"2";"Beta";0.314089715430556;0.392663867958333;-0.0785741525277778
"3";"Delta";0.262174359041667;0.414793080180556;-0.152618721138889
"4";"Gamma";0.384871972027778;0.300376353583333;0.0844956184444445
