"data...c..Alternative...";"m_positive_q";"m_negative_q";"m_net_flow"
"1";"Alpha ";0.481482154259259;0.319814675444444;0.161667478814815
"2";"Beta";0.310319382703704;0.395243449222222;-0.0849240665185185
"3";"Delta";0.258271300111111;0.419386350703704;-0.161115050592593
"4";"Gamma";0.385453389185185;0.301081750888889;0.0843716382962963
