"data...c..Alternative...";"m_positive_q";"m_negative_q";"m_net_flow"
"1";"Alpha ";0.426667358666667;0.3689522376;0.0577151210666667
"2";"Beta";0.332384685066667;0.382861452533333;-0.0504767674666667
"3";"Delta";0.2829281944;0.3983060712;-0.1153778768
"4";"Gamma";0.3944692784;0.2863297552;0.1081395232
