"data...c..Alternative...";"m_positive_q";"m_negative_q";"m_net_flow"
"1";"Alpha ";0.466667358666667;0.3289522376;0.137715121066667
"2";"Beta";0.316351915066667;0.3911161192;-0.0747642041333334
"3";"Delta";0.2645161944;0.412037117866667;-0.147520923466667
"4";"Gamma";0.384523121733333;0.2999531152;0.0845700065333334
