"data...c..Alternative...";"m_positive_q";"m_negative_q";"m_net_flow"
"1";"Alpha ";0.438889717847222;0.333858985125;0.105030732722222
"2";"Beta";0.334130747597222;0.365678892791667;-0.0315481451944445
"3";"Delta";0.268522692375;0.397629371680556;-0.129106679305556
"4";"Gamma";0.363971337194444;0.308347245416667;0.0556240917777778
