"data...c..Alternative...";"m_positive_q";"m_negative_q";"m_net_flow"
"1";"Alpha ";0.438519229740741;0.351423133088889;0.0870960966518518
"2";"Beta";0.327728704096296;0.384237233622222;-0.0565085295259259
"3";"Delta";0.276898422022222;0.400110869474074;-0.123212447451852
"4";"Gamma";0.386908239837037;0.294283359511111;0.092624880325926
