"data...c..Alternative...";"m_positive_q";"m_negative_q";"m_net_flow"
"1";"Alpha ";0.440000713625;0.349231995025;0.0907687186000001
"2";"Beta";0.327146706475;0.384409206258333;-0.0572624997833333
"3";"Delta";0.276144700475;0.400336469258333;-0.124191768783333
"4";"Gamma";0.385963110016667;0.29527756005;0.0906855499666667
